id,tournament,tier,url,prizepool
696,Thalassocracy Cup,A-Tier,https://aoe-elo.com/tournament/696/Thalassocracy-Cup,$3400
700,All Visible Cup,B-Tier,https://aoe-elo.com/tournament/700/All-Visible-Cup,$632
672,KIT SC Plünderparty - Saison 8,C-Tier,https://aoe-elo.com/tournament/672/KIT-SC-Pl--nderparty---Saison-8,N/A
698,Argeking Cup 5,B-Tier,https://aoe-elo.com/tournament/698/Argeking-Cup-5,$465
701,Torneo de las 12 casas 2: Cancer,Monthly (C-Tier),https://aoe-elo.com/tournament/701/Torneo-de-las-12-casas-2--Cancer,$70
702,Ivanenko's Arabia Cup,B-Tier,https://aoe-elo.com/tournament/702/Ivanenko-s-Arabia-Cup,$400
703,World Rumble 2,NaN,https://aoe-elo.com/tournament/703/World-Rumble-2,N/A
686,India 1v1 Cup,B-Tier,https://aoe-elo.com/tournament/686/India-1v1-Cup,N/A
704,Championnat Francophone: Saison 9,C-Tier,https://aoe-elo.com/tournament/704/Championnat-Francophone--Saison-9,$107
688,SuperDr4ft,B-Tier,https://aoe-elo.com/tournament/688/SuperDr4ft,N/A
690,Torneo de las 12 casas 2: Gemini,Monthly (C-Tier),https://aoe-elo.com/tournament/690/Torneo-de-las-12-casas-2--Gemini,$70
691,World Rumble 2 Qualifier,Qualifier (A-Tier),https://aoe-elo.com/tournament/691/World-Rumble-2-Qualifier,N/A
697,Argeking Cup 5: Qualifier,Qualifier (B-Tier),https://aoe-elo.com/tournament/697/Argeking-Cup-5--Qualifier,N/A
692,The Forgotten,NaN,https://aoe-elo.com/tournament/692/The-Forgotten,N/A
689,Hidden Cup Türkiye,B-Tier,https://aoe-elo.com/tournament/689/Hidden-Cup-T--rkiye,N/A
699,Justas Criollas: Showmatch,C-Tier,https://aoe-elo.com/tournament/699/Justas-Criollas--Showmatch,$117
693,Ankka Cup 2024,C-Tier,https://aoe-elo.com/tournament/693/Ankka-Cup-2024,$380
694,Rusaoc Cup 129: Arabia,Weekly (C-Tier),https://aoe-elo.com/tournament/694/Rusaoc-Cup-129--Arabia,$109
687,Queen's Clash 3,NaN,https://aoe-elo.com/tournament/687/Queen-s-Clash-3,N/A
695,Alchemy League 1,C-Tier,https://aoe-elo.com/tournament/695/Alchemy-League-1,$130
678,AoC Cup,Charity (Misc),https://aoe-elo.com/tournament/678/AoC-Cup,N/A
675,Copa México 2024,B-Tier,https://aoe-elo.com/tournament/675/Copa-M--xico-2024,N/A
685,Swidden Cup,B-Tier,https://aoe-elo.com/tournament/685/Swidden-Cup,N/A
681,Rusaoc Cup 128: Four Lakes,Weekly (C-Tier),https://aoe-elo.com/tournament/681/Rusaoc-Cup-128--Four-Lakes,$110
677,Hidden zZ,C-Tier,https://aoe-elo.com/tournament/677/Hidden-zZ,$200
674,Hidden Cup 5,S-Tier,https://aoe-elo.com/tournament/674/Hidden-Cup-5,$70624
684,Torneo de las 12 casas 2: Taurus,Monthly (C-Tier),https://aoe-elo.com/tournament/684/Torneo-de-las-12-casas-2--Taurus,$71
671,ArgenLeague 2,B-Tier,https://aoe-elo.com/tournament/671/ArgenLeague-2,N/A
668,AoE Leagues: Season 9,C-Tier,https://aoe-elo.com/tournament/668/AoE-Leagues--Season-9,N/A
680,Rusaoc Cup 127: Beachfight,Weekly (C-Tier),https://aoe-elo.com/tournament/680/Rusaoc-Cup-127--Beachfight,$107
676,1v1 Arabia HunCup 2024,NaN,https://aoe-elo.com/tournament/676/1v1-Arabia-HunCup-2024,N/A
682,The Map - St4rk Edition,Monthly (C-Tier),https://aoe-elo.com/tournament/682/The-Map---St4rk-Edition,$100
645,Clash of the Titans: 10-Year Anniversary,B-Tier,https://aoe-elo.com/tournament/645/Clash-of-the-Titans--10-Year-Anniversary,$755
669,Hidden Cup V Qualifier,Qualifier (S-Tier),https://aoe-elo.com/tournament/669/Hidden-Cup-V-Qualifier,N/A
679,Rusaoc Cup 126: Nomad,Weekly (C-Tier),https://aoe-elo.com/tournament/679/Rusaoc-Cup-126--Nomad,$109
683,Torneo de las 12 casas 2: Aries,Monthly (C-Tier),https://aoe-elo.com/tournament/683/Torneo-de-las-12-casas-2--Aries,$73
667,Hera's Colosseum - NAC 5 Edition,NaN,https://aoe-elo.com/tournament/667/Hera-s-Colosseum---NAC-5-Edition,N/A
666,The Map - Pinch3Terneira Edition,Monthly (C-Tier),https://aoe-elo.com/tournament/666/The-Map---Pinch3Terneira-Edition,N/A
660,The Chosen Ones 2,C-Tier,https://aoe-elo.com/tournament/660/The-Chosen-Ones-2,$150
665,Nili's Apartment Cup V,NaN,https://aoe-elo.com/tournament/665/Nili-s-Apartment-Cup-V,N/A
664,Rusaoc Cup 125: Final of the Year 2023,Weekly (B-Tier),https://aoe-elo.com/tournament/664/Rusaoc-Cup-125--Final-of-the-Year-2023,N/A
636,Hera's Colosseum - Warlords 2 Edition,NaN,https://aoe-elo.com/tournament/636/Hera-s-Colosseum---Warlords-2-Edition,N/A
654,AoE2 Middle East Tournament,A-Tier,https://aoe-elo.com/tournament/654/AoE2-Middle-East-Tournament,N/A
658,The Most Powerful Knight,Monthly (C-Tier),https://aoe-elo.com/tournament/658/The-Most-Powerful-Knight,$88
663,Rusaoc Cup 124: Hideout,Weekly (C-Tier),https://aoe-elo.com/tournament/663/Rusaoc-Cup-124--Hideout,$119
657,Road to Hidden Cup Italia - Autunno,C-Tier,https://aoe-elo.com/tournament/657/Road-to-Hidden-Cup-Italia---Autunno,$154
661,Trofeu Sant Jordi,C-Tier,https://aoe-elo.com/tournament/661/Trofeu-Sant-Jordi,$221
662,Rusaoc Cup 123: Serengeti,Weekly (C-Tier),https://aoe-elo.com/tournament/662/Rusaoc-Cup-123--Serengeti,$119
633,The Holly Jolly Christmas Cup,B-Tier,https://aoe-elo.com/tournament/633/The-Holly-Jolly-Christmas-Cup,$775
649,Copa 3k Libertadores,A-Tier,https://aoe-elo.com/tournament/649/Copa-3k-Libertadores,$2840
650,Copa Amazonia 2,B-Tier,https://aoe-elo.com/tournament/650/Copa-Amazonia-2,N/A
656,Nili's Apartment Cup V Qualifier 2,Qualifier (S-Tier),https://aoe-elo.com/tournament/656/Nili-s-Apartment-Cup-V-Qualifier-2,$2505
635,Torneo de las 12 casas: Pisces,Monthly (C-Tier),https://aoe-elo.com/tournament/635/Torneo-de-las-12-casas--Pisces,$57
659,Rusaoc Cup 122: African Clearing,Weekly (C-Tier),https://aoe-elo.com/tournament/659/Rusaoc-Cup-122--African-Clearing,$133
634,Torneo de las 12 casas: Aquarius,Monthly (C-Tier),https://aoe-elo.com/tournament/634/Torneo-de-las-12-casas--Aquarius,$57
651,Nili's Apartment Cup V Qualifier 1,Qualifier (S-Tier),https://aoe-elo.com/tournament/651/Nili-s-Apartment-Cup-V-Qualifier-1,$2505
642,Outback Legends 2,B-Tier,https://aoe-elo.com/tournament/642/Outback-Legends-2,N/A
638,King of Poland 3,B-Tier,https://aoe-elo.com/tournament/638/King-of-Poland-3,$305
643,Taiwan Arena Clown Cup 3,B-Tier,https://aoe-elo.com/tournament/643/Taiwan-Arena-Clown-Cup-3,N/A
644,Cake Cup 3,B-Tier,https://aoe-elo.com/tournament/644/Cake-Cup-3,N/A
655,GB Hidden Cup 2,C-Tier,https://aoe-elo.com/tournament/655/GB-Hidden-Cup-2,$254
640,Copa 3k Libertadores Qualifier,Qualifier (A-Tier),https://aoe-elo.com/tournament/640/Copa-3k-Libertadores-Qualifier,N/A
641,EndoWar 4,NaN,https://aoe-elo.com/tournament/641/EndoWar-4,N/A
646,Cake Cup 3: Qualification,Qualifier (B-Tier),https://aoe-elo.com/tournament/646/Cake-Cup-3--Qualification,N/A
653,Rusaoc Cup 120: Reverse Arena,Weekly (C-Tier),https://aoe-elo.com/tournament/653/Rusaoc-Cup-120--Reverse-Arena,$112
647,LAN Combi CDMX - Nov 2023,NaN,https://aoe-elo.com/tournament/647/LAN-Combi-CDMX---Nov-2023,N/A
631,Warlords II,S-Tier,https://aoe-elo.com/tournament/631/Warlords-II,$50000
620,Torneo de las 12 casas: Capricorn,Monthly (C-Tier),https://aoe-elo.com/tournament/620/Torneo-de-las-12-casas--Capricorn,$57
637,Chilean Cup 2023,B-Tier,https://aoe-elo.com/tournament/637/Chilean-Cup-2023,N/A
639,The Map - Pablito Edition,Weekly (C-Tier),https://aoe-elo.com/tournament/639/The-Map---Pablito-Edition,N/A
652,Rusaoc Cup 119: Inundation,Weekly (C-Tier),https://aoe-elo.com/tournament/652/Rusaoc-Cup-119--Inundation,$190
622,Clash of the Titans II: Promo Invitational,Showmatch (Misc),https://aoe-elo.com/tournament/622/Clash-of-the-Titans-II--Promo-Invitational,N/A
614,EndorWar 4 Qualifier,NaN,https://aoe-elo.com/tournament/614/EndorWar-4-Qualifier,N/A
621,Circuito Latinoamericano de AOE2: Liga Fortaleza,C-Tier,https://aoe-elo.com/tournament/621/Circuito-Latinoamericano-de-AOE2--Liga-Fortaleza,$100
630,HalloWinners 2: Smashing PumpKings,B-Tier,https://aoe-elo.com/tournament/630/HalloWinners-2--Smashing-PumpKings,N/A
628,The Map - ThisDino Edition,Weekly (C-Tier),https://aoe-elo.com/tournament/628/The-Map---ThisDino-Edition,N/A
606,Blue Carbon Cup,C-Tier,https://aoe-elo.com/tournament/606/Blue-Carbon-Cup,$190
627,Warlords II Qualifier 2,NaN,https://aoe-elo.com/tournament/627/Warlords-II-Qualifier-2,N/A
611,ChampionSheep,B-Tier,https://aoe-elo.com/tournament/611/ChampionSheep,N/A
632,Inversus Cup,B-Tier,https://aoe-elo.com/tournament/632/Inversus-Cup,$536
648,Rusaoc Cup 118: Arena,Weekly (C-Tier),https://aoe-elo.com/tournament/648/Rusaoc-Cup-118--Arena,$97
624,Warlords Waiting Room,B-Tier,https://aoe-elo.com/tournament/624/Warlords-Waiting-Room,$6000
625,The Map - Quin Daizier Edition,Weekly (C-Tier),https://aoe-elo.com/tournament/625/The-Map---Quin-Daizier-Edition,N/A
592,Nomad Wars League - Season 4,NaN,https://aoe-elo.com/tournament/592/Nomad-Wars-League---Season-4,N/A
623,Warlords II Qualifier 1,Qualifier (S-Tier),https://aoe-elo.com/tournament/623/Warlords-II-Qualifier-1,N/A
626,Cake Cup 3: Wildcard,Qualifier (B-Tier),https://aoe-elo.com/tournament/626/Cake-Cup-3--Wildcard,N/A
599,MetaWorldTour,B-Tier,https://aoe-elo.com/tournament/599/MetaWorldTour,N/A
604,T90 Titans League 3: Platinum League,S-Tier,https://aoe-elo.com/tournament/604/T90-Titans-League-3--Platinum-League,$17300
607,Torneo de las 12 casas: Sagittarius,Monthly (C-Tier),https://aoe-elo.com/tournament/607/Torneo-de-las-12-casas--Sagittarius,$46
605,Hera's Colosseum - TTL3 Edition,NaN,https://aoe-elo.com/tournament/605/Hera-s-Colosseum---TTL3-Edition,$250
610,Championnat Francophone VII,C-Tier,https://aoe-elo.com/tournament/610/Championnat-Francophone-VII,N/A
629,digitec Playground Vol. 11,NaN,https://aoe-elo.com/tournament/629/digitec-Playground-Vol--11,N/A
619,The Map - Argh Edition,Weekly (C-Tier),https://aoe-elo.com/tournament/619/The-Map---Argh-Edition,$50
612,Coupe de France 2,B-Tier,https://aoe-elo.com/tournament/612/Coupe-de-France-2,$1000
615,Saint Hell League 2 - Diamond,NaN,https://aoe-elo.com/tournament/615/Saint-Hell-League-2---Diamond,N/A
618,The Map - Bl4ckito Edition,Weekly (C-Tier),https://aoe-elo.com/tournament/618/The-Map---Bl4ckito-Edition,$50
616,Saint Hell League 2 - Platinum A,NaN,https://aoe-elo.com/tournament/616/Saint-Hell-League-2---Platinum-A,N/A
580,KIT SC Plünderparty - Saison 7,C-Tier,https://aoe-elo.com/tournament/580/KIT-SC-Pl--nderparty---Saison-7,$93
598,Chipmunk King's League 2,B-Tier,https://aoe-elo.com/tournament/598/Chipmunk-King-s-League-2,$2632
613,the Newbie and the Beast (High),C-Tier,https://aoe-elo.com/tournament/613/the-Newbie-and-the-Beast--High-,$127
602,Crap Map Cup 2,C-Tier,https://aoe-elo.com/tournament/602/Crap-Map-Cup-2,$180
617,Rusaoc Cup 116: France,Weekly (C-Tier),https://aoe-elo.com/tournament/617/Rusaoc-Cup-116--France,$146
594,Torneo de las 12 casas: Scorpio,Monthly (C-Tier),https://aoe-elo.com/tournament/594/Torneo-de-las-12-casas--Scorpio,$57
608,the Newbie and the Beast (Mid),C-Tier,https://aoe-elo.com/tournament/608/the-Newbie-and-the-Beast--Mid-,$100
596,Clash of Empires,A-Tier,https://aoe-elo.com/tournament/596/Clash-of-Empires,$11000
609,Rusaoc Cup 115: HyperRandom,Weekly (C-Tier),https://aoe-elo.com/tournament/609/Rusaoc-Cup-115--HyperRandom,$139
590,T90 Titans League 3: Gold League,A-Tier,https://aoe-elo.com/tournament/590/T90-Titans-League-3--Gold-League,$5200
595,Circuito Latinoamericano de AOE2: Liga Mesopotamia,C-Tier,https://aoe-elo.com/tournament/595/Circuito-Latinoamericano-de-AOE2--Liga-Mesopotamia,$100
589,The Champions Invitational,B-Tier,https://aoe-elo.com/tournament/589/The-Champions-Invitational,N/A
587,Summer Classic Jab,NaN,https://aoe-elo.com/tournament/587/Summer-Classic-Jab,$225
582,Masters of Arena 7: Silver League,C-Tier,https://aoe-elo.com/tournament/582/Masters-of-Arena-7--Silver-League,$170
591,MetaWorldTour: Qualifier 2,Qualifier (B-Tier),https://aoe-elo.com/tournament/591/MetaWorldTour--Qualifier-2,N/A
581,Torneo de las 12 casas: Libra,Monthly (C-Tier),https://aoe-elo.com/tournament/581/Torneo-de-las-12-casas--Libra,$61
593,Danmarksmesterskaberne 2023,C-Tier,https://aoe-elo.com/tournament/593/Danmarksmesterskaberne-2023,$81
597,Rusaoc Cup 113: Land Nomad,Weekly (C-Tier),https://aoe-elo.com/tournament/597/Rusaoc-Cup-113--Land-Nomad,$111
584,Clash of Empires: Qualifier,Qualifier (A-Tier),https://aoe-elo.com/tournament/584/Clash-of-Empires--Qualifier,N/A
585,MetaWorldTour: Qualifier 1,Qualifier (B-Tier),https://aoe-elo.com/tournament/585/MetaWorldTour--Qualifier-1,N/A
579,T90 Titans League 2: Silver League,Qualifier (A-Tier),https://aoe-elo.com/tournament/579/T90-Titans-League-2--Silver-League,N/A
583,GoKu's Invitational,B-Tier,https://aoe-elo.com/tournament/583/GoKu-s-Invitational,$478
586,XEVER Cup,C-Tier,https://aoe-elo.com/tournament/586/XEVER-Cup,$557
588,Rusaoc Cup 112: Fortress,Weekly (C-Tier),https://aoe-elo.com/tournament/588/Rusaoc-Cup-112--Fortress,$120
577,Copa Aconcagua 2,B-Tier,https://aoe-elo.com/tournament/577/Copa-Aconcagua-2,$300
562,Return of Reverse Pick,B-Tier,https://aoe-elo.com/tournament/562/Return-of-Reverse-Pick,$338
574,Torneo de las 12 casas: Virgo,Monthly (C-Tier),https://aoe-elo.com/tournament/574/Torneo-de-las-12-casas--Virgo,$63
578,Pelea de Gallos,C-Tier,https://aoe-elo.com/tournament/578/Pelea-de-Gallos,$139
566,Masters of Arena 7,A-Tier,https://aoe-elo.com/tournament/566/Masters-of-Arena-7,$10000
569,Cake Cup 2,B-Tier,https://aoe-elo.com/tournament/569/Cake-Cup-2,$322
573,Copa Supremacía 2,B-Tier,https://aoe-elo.com/tournament/573/Copa-Supremac--a-2,$900
576,Clash of Anatolia 3,B-Tier,https://aoe-elo.com/tournament/576/Clash-of-Anatolia-3,$1865
575,Pablito's Invitational,B-Tier,https://aoe-elo.com/tournament/575/Pablito-s-Invitational,$710
563,AoE2 Admirals League 2,A-Tier,https://aoe-elo.com/tournament/563/AoE2-Admirals-League-2,$2000
558,Torneo de las 12 casas: Leo,NaN,https://aoe-elo.com/tournament/558/Torneo-de-las-12-casas--Leo,N/A
550,Pick Your Poison,C-Tier,https://aoe-elo.com/tournament/550/Pick-Your-Poison,$50
572,Rusaoc Cup 109: Haboob,Weekly (C-Tier),https://aoe-elo.com/tournament/572/Rusaoc-Cup-109--Haboob,$107
570,Forestandon Cup,C-Tier,https://aoe-elo.com/tournament/570/Forestandon-Cup,$81
564,Masters of Arena 7 Qualifier,A-Tier,https://aoe-elo.com/tournament/564/Masters-of-Arena-7-Qualifier,N/A
571,Valhalla Cup 2,C-Tier,https://aoe-elo.com/tournament/571/Valhalla-Cup-2,$150
568,Road to Cake Cup 2: Madness on Nomad,Qualifier (B-Tier),https://aoe-elo.com/tournament/568/Road-to-Cake-Cup-2--Madness-on-Nomad,N/A
548,Circuito Latinoamericano de AOE2: Liga Desierto,C-Tier,https://aoe-elo.com/tournament/548/Circuito-Latinoamericano-de-AOE2--Liga-Desierto,$100
537,KIT SC Plünderparty - Saison 6,C-Tier,https://aoe-elo.com/tournament/537/KIT-SC-Pl--nderparty---Saison-6,$90
561,King of the Desert 5,S-Tier,https://aoe-elo.com/tournament/561/King-of-the-Desert-5,$80000
567,Road to Cake Cup 2: Rage in Socotra,Qualifier (B-Tier),https://aoe-elo.com/tournament/567/Road-to-Cake-Cup-2--Rage-in-Socotra,N/A
545,ArgenLeague,NaN,https://aoe-elo.com/tournament/545/ArgenLeague,$357
557,Torneo de las 12 casas: Cancer,NaN,https://aoe-elo.com/tournament/557/Torneo-de-las-12-casas--Cancer,N/A
559,King of the Desert 5 Qualifier 2,Qualifier (S-Tier),https://aoe-elo.com/tournament/559/King-of-the-Desert-5-Qualifier-2,$800
551,King of Denmark,NaN,https://aoe-elo.com/tournament/551/King-of-Denmark,N/A
540,Empires of Chaos and Chance,C-Tier,https://aoe-elo.com/tournament/540/Empires-of-Chaos-and-Chance,$63
556,Torneo de las 12 casas: Gemini,NaN,https://aoe-elo.com/tournament/556/Torneo-de-las-12-casas--Gemini,N/A
552,King of the Desert 5 Qualifier 1,Qualifier (S-Tier),https://aoe-elo.com/tournament/552/King-of-the-Desert-5-Qualifier-1,$800
547,LANDON Cup,B-Tier,https://aoe-elo.com/tournament/547/LANDON-Cup,N/A
553,DreamHack Melbourne 2023 BYOC,C-Tier,https://aoe-elo.com/tournament/553/DreamHack-Melbourne-2023-BYOC,$670
543,Queen's Clash 2,B-Tier,https://aoe-elo.com/tournament/543/Queen-s-Clash-2,$1013
560,Rusaoc Cup 106: Gold Rush,Weekly (C-Tier),https://aoe-elo.com/tournament/560/Rusaoc-Cup-106--Gold-Rush,$112
544,Circuito Latinoamericano de AOE2: Liga Desembarco,C-Tier,https://aoe-elo.com/tournament/544/Circuito-Latinoamericano-de-AOE2--Liga-Desembarco,N/A
542,Gamers Assembly Festival Edition 2023,B-Tier,https://aoe-elo.com/tournament/542/Gamers-Assembly-Festival-Edition-2023,$1105
539,Clash of Anatolia 2,B-Tier,https://aoe-elo.com/tournament/539/Clash-of-Anatolia-2,$1825
546,Rusaoc Cup 105: HyperRandom,Weekly (C-Tier),https://aoe-elo.com/tournament/546/Rusaoc-Cup-105--HyperRandom,$111
527,AoE Leagues: Season #8,C-Tier,https://aoe-elo.com/tournament/527/AoE-Leagues--Season--8,$64
541,JorDan's Medieval Brawl Season 2 Finals,Weekly (B-Tier),https://aoe-elo.com/tournament/541/JorDan-s-Medieval-Brawl-Season-2-Finals,N/A
533,AoE2 Admirals League,A-Tier,https://aoe-elo.com/tournament/533/AoE2-Admirals-League,N/A
538,Only Land French Cup 2,B-Tier,https://aoe-elo.com/tournament/538/Only-Land-French-Cup-2,$541
549,Rusaoc Cup 104: Black Forest,Weekly (C-Tier),https://aoe-elo.com/tournament/549/Rusaoc-Cup-104--Black-Forest,$120
536,Nili's Apartment Cup 4,S-Tier,https://aoe-elo.com/tournament/536/Nili-s-Apartment-Cup-4,$52283
555,Torneo de las 12 casas: Taurus,NaN,https://aoe-elo.com/tournament/555/Torneo-de-las-12-casas--Taurus,N/A
528,Rising Cup,NaN,https://aoe-elo.com/tournament/528/Rising-Cup,N/A
534,NAC4 Replacement Qualifier,Qualifier (S-Tier),https://aoe-elo.com/tournament/534/NAC4-Replacement-Qualifier,N/A
535,JorDan's Medieval Brawl Season 2 #5,Weekly (B-Tier),https://aoe-elo.com/tournament/535/JorDan-s-Medieval-Brawl-Season-2--5,N/A
532,AoK Cup,Charity (Misc),https://aoe-elo.com/tournament/532/AoK-Cup,N/A
531,Cake Cup,C-Tier,https://aoe-elo.com/tournament/531/Cake-Cup,$299
526,Nili's Apartment Cup 4 Qualifier 2,Qualifier (S-Tier),https://aoe-elo.com/tournament/526/Nili-s-Apartment-Cup-4-Qualifier-2,N/A
525,Nili's Apartment Cup 4 Qualifier 1,Qualifier (S-Tier),https://aoe-elo.com/tournament/525/Nili-s-Apartment-Cup-4-Qualifier-1,N/A
523,Unus Imperium,B-Tier,https://aoe-elo.com/tournament/523/Unus-Imperium,$1000
554,Torneo de las 12 casas: Aries,NaN,https://aoe-elo.com/tournament/554/Torneo-de-las-12-casas--Aries,N/A
529,JorDan's Medieval Brawl Season 2 #4,Weekly (B-Tier),https://aoe-elo.com/tournament/529/JorDan-s-Medieval-Brawl-Season-2--4,N/A
513,T90 Titans League 2: Platinum League,S-Tier,https://aoe-elo.com/tournament/513/T90-Titans-League-2--Platinum-League,$17300
524,Top FR 2,C-Tier,https://aoe-elo.com/tournament/524/Top-FR-2,$322
530,Rusaoc Cup 101: Arabia,Weekly (C-Tier),https://aoe-elo.com/tournament/530/Rusaoc-Cup-101--Arabia,$123
512,T90 Titans League 2: Gold League,A-Tier,https://aoe-elo.com/tournament/512/T90-Titans-League-2--Gold-League,$5200
522,JorDan's Medieval Brawl Season 2 #3,Weekly (B-Tier),https://aoe-elo.com/tournament/522/JorDan-s-Medieval-Brawl-Season-2--3,$500
521,JorDan's Medieval Brawl Season 2 #2,Weekly (B-Tier),https://aoe-elo.com/tournament/521/JorDan-s-Medieval-Brawl-Season-2--2,$500
519,AoE2 Admirals League,C-Tier,https://aoe-elo.com/tournament/519/AoE2-Admirals-League,$500
517,怀旧新春邀请赛 (Spring Festival Invitational of Nostalgic Games),B-Tier,https://aoe-elo.com/tournament/517/-----------------------Spring-Festival-Invitational-of-Nostalgic-Games-,$2065
518,JorDan's Medieval Brawl Season 2 #1,Weekly (B-Tier),https://aoe-elo.com/tournament/518/JorDan-s-Medieval-Brawl-Season-2--1,$500
511,Reuse,NaN,https://aoe-elo.com/tournament/511/Reuse,N/A
514,Rusaoc Cup 100,B-Tier,https://aoe-elo.com/tournament/514/Rusaoc-Cup-100,$1248
499,Copa Amazonia,NaN,https://aoe-elo.com/tournament/499/Copa-Amazonia,N/A
505,T90 Titans League: Silver League,Qualifier (A-Tier),https://aoe-elo.com/tournament/505/T90-Titans-League--Silver-League,N/A
508,Clown Legion League 2,C-Tier,https://aoe-elo.com/tournament/508/Clown-Legion-League-2,$400
516,Rusaoc Cup 99: Single Ruins Plunder,Weekly (C-Tier),https://aoe-elo.com/tournament/516/Rusaoc-Cup-99--Single-Ruins-Plunder,$122
484,Double Cup 3,B-Tier,https://aoe-elo.com/tournament/484/Double-Cup-3,$1000
509,DreamHack Hannover BYOC Community LAN,B-Tier,https://aoe-elo.com/tournament/509/DreamHack-Hannover-BYOC-Community-LAN,N/A
507,The Grand Melee,S-Tier,https://aoe-elo.com/tournament/507/The-Grand-Melee,$100000
510,Nomad Wars League - Season 3,NaN,https://aoe-elo.com/tournament/510/Nomad-Wars-League---Season-3,N/A
520,Gran Kanato III: The Last Khan,B-Tier,https://aoe-elo.com/tournament/520/Gran-Kanato-III--The-Last-Khan,$200
501,King of Poland 2,B-Tier,https://aoe-elo.com/tournament/501/King-of-Poland-2,$217
506,Gorilla Rumble,B-Tier,https://aoe-elo.com/tournament/506/Gorilla-Rumble,N/A
515,Rusaoc Cup 98: Nomad,Weekly (C-Tier),https://aoe-elo.com/tournament/515/Rusaoc-Cup-98--Nomad,$139
504,The Grand Melee Replacement Qualifier,Qualifier (S-Tier),https://aoe-elo.com/tournament/504/The-Grand-Melee-Replacement-Qualifier,$5800
503,The Grand Melee Qualifier,Qualifier (S-Tier),https://aoe-elo.com/tournament/503/The-Grand-Melee-Qualifier,$4200
490,Fisherman's Cup,NaN,https://aoe-elo.com/tournament/490/Fisherman-s-Cup,$538
498,Taiwan Arena Clown Cup 2,B-Tier,https://aoe-elo.com/tournament/498/Taiwan-Arena-Clown-Cup-2,$966
493,Ring of F1Re,NaN,https://aoe-elo.com/tournament/493/Ring-of-F1Re,N/A
497,Warlords,S-Tier,https://aoe-elo.com/tournament/497/Warlords,$30000
502,Rusaoc Cup 97: Arena,Weekly (C-Tier),https://aoe-elo.com/tournament/502/Rusaoc-Cup-97--Arena,$66
500,Copa Supremacía,NaN,https://aoe-elo.com/tournament/500/Copa-Supremac--a,$500
492,Gorilla Rumble: Qualifier,Qualifier (B-Tier),https://aoe-elo.com/tournament/492/Gorilla-Rumble--Qualifier,N/A
494,Warlords Qualifier,Qualifier (S-Tier),https://aoe-elo.com/tournament/494/Warlords-Qualifier,$1600
496,Rusaoc Cup 95,Weekly (C-Tier),https://aoe-elo.com/tournament/496/Rusaoc-Cup-95,N/A
491,Copa Genesis Z,C-Tier,https://aoe-elo.com/tournament/491/Copa-Genesis-Z,N/A
489,Red Bull Wololo: Legacy 2022,S-Tier,https://aoe-elo.com/tournament/489/Red-Bull-Wololo--Legacy-2022,$200000
473,World Series of Empire Wars,B-Tier,https://aoe-elo.com/tournament/473/World-Series-of-Empire-Wars,$500
481,World Series of Empire Wars - Silver Bracket,NaN,https://aoe-elo.com/tournament/481/World-Series-of-Empire-Wars---Silver-Bracket,N/A
476,Magna Carto,B-Tier,https://aoe-elo.com/tournament/476/Magna-Carto,$250
486,Magna Carto: Long Swordsmen Division,NaN,https://aoe-elo.com/tournament/486/Magna-Carto--Long-Swordsmen-Division,N/A
487,Chilean Cup 2022,B-Tier,https://aoe-elo.com/tournament/487/Chilean-Cup-2022,N/A
488,EndoWar 3,B-Tier,https://aoe-elo.com/tournament/488/EndoWar-3,N/A
482,Chaos Cup - Bracket 1,NaN,https://aoe-elo.com/tournament/482/Chaos-Cup---Bracket-1,N/A
480,Gamers Assembly: Summer Edition 2022,B-Tier,https://aoe-elo.com/tournament/480/Gamers-Assembly--Summer-Edition-2022,$983
474,Wallhalla,A-Tier,https://aoe-elo.com/tournament/474/Wallhalla,$4200
483,Rusaoc Cup 93: Arena,Weekly (C-Tier),https://aoe-elo.com/tournament/483/Rusaoc-Cup-93--Arena,$154
470,KIT SC Plünderparty - Saison 5,NaN,https://aoe-elo.com/tournament/470/KIT-SC-Pl--nderparty---Saison-5,N/A
475,Chaos Cup,C-Tier,https://aoe-elo.com/tournament/475/Chaos-Cup,$150
479,Red Bull Wololo: Legacy Extra Qualifier,Qualifier (S-Tier),https://aoe-elo.com/tournament/479/Red-Bull-Wololo--Legacy-Extra-Qualifier,N/A
477,8 Mercenaries 2nd Edition,B-Tier,https://aoe-elo.com/tournament/477/8-Mercenaries-2nd-Edition,$1025
411,Aorus League 5,B-Tier,https://aoe-elo.com/tournament/411/Aorus-League-5,$500
478,Rusaoc Cup 92: Arabia,Weekly (C-Tier),https://aoe-elo.com/tournament/478/Rusaoc-Cup-92--Arabia,$146
413,Wallhalla Qualifier,Qualifier (A-Tier),https://aoe-elo.com/tournament/413/Wallhalla-Qualifier,N/A
472,USA Cup 3,B-Tier,https://aoe-elo.com/tournament/472/USA-Cup-3,$1100
451,AOEliga: Season #5,C-Tier,https://aoe-elo.com/tournament/451/AOEliga--Season--5,$87
440,Lady of the Elephant,B-Tier,https://aoe-elo.com/tournament/440/Lady-of-the-Elephant,$650
471,Red Bull Wololo: Legacy Qualifier #2,Qualifier (S-Tier),https://aoe-elo.com/tournament/471/Red-Bull-Wololo--Legacy-Qualifier--2,N/A
469,Red Bull Wololo: Legacy Qualifier #1,Qualifier (S-Tier),https://aoe-elo.com/tournament/469/Red-Bull-Wololo--Legacy-Qualifier--1,N/A
459,Great British Discord Community Cup 2022,C-Tier,https://aoe-elo.com/tournament/459/Great-British-Discord-Community-Cup-2022,$268
439,Copa México 2022: Viaje al Mictlán,B-Tier,https://aoe-elo.com/tournament/439/Copa-M--xico-2022--Viaje-al-Mictl--n,N/A
412,Maggie Summer Cup 2,C-Tier,https://aoe-elo.com/tournament/412/Maggie-Summer-Cup-2,$40
25,T90 Titans League: Gold League,A-Tier,https://aoe-elo.com/tournament/25/T90-Titans-League--Gold-League,$5200
410,Aorus League 5: Qualifier,Qualifier (B-Tier),https://aoe-elo.com/tournament/410/Aorus-League-5--Qualifier,N/A
27,Mid-Elo Mayhem 2,NaN,https://aoe-elo.com/tournament/27/Mid-Elo-Mayhem-2,$150
24,T90 Titans League: Platinum League,S-Tier,https://aoe-elo.com/tournament/24/T90-Titans-League--Platinum-League,$17300
26,Nomad Warriors,B-Tier,https://aoe-elo.com/tournament/26/Nomad-Warriors,$750
402,PTT Cup 14,B-Tier,https://aoe-elo.com/tournament/402/PTT-Cup-14,$943
405,RMS Cup 2,S-Tier,https://aoe-elo.com/tournament/405/RMS-Cup-2,$18400
407,Copa Aconcagua,Qualifier (B-Tier),https://aoe-elo.com/tournament/407/Copa-Aconcagua,$250
399,Arena Classic,B-Tier,https://aoe-elo.com/tournament/399/Arena-Classic,$375
404,RMS Cup 2: Qualifier 2,Qualifier (S-Tier),https://aoe-elo.com/tournament/404/RMS-Cup-2--Qualifier-2,$800
406,Kingsnipe Cup,B-Tier,https://aoe-elo.com/tournament/406/Kingsnipe-Cup,$420
409,LAN Lubbers,B-Tier,https://aoe-elo.com/tournament/409/LAN-Lubbers,N/A
467,Rusaoc Cup 88: Fortified Clearing,Weekly (C-Tier),https://aoe-elo.com/tournament/467/Rusaoc-Cup-88--Fortified-Clearing,$155
286,Championnat Francophone 4,NaN,https://aoe-elo.com/tournament/286/Championnat-Francophone-4,N/A
392,Only Land Cup,A-Tier,https://aoe-elo.com/tournament/392/Only-Land-Cup,$2000
403,RMS Cup 2: Qualifier 1,Qualifier (S-Tier),https://aoe-elo.com/tournament/403/RMS-Cup-2--Qualifier-1,$800
401,JorDan's Medieval Brawl Season 1 Finals,Weekly (B-Tier),https://aoe-elo.com/tournament/401/JorDan-s-Medieval-Brawl-Season-1-Finals,$1500
389,Battle for Scotland,B-Tier,https://aoe-elo.com/tournament/389/Battle-for-Scotland,$600
398,Aorus League 4,B-Tier,https://aoe-elo.com/tournament/398/Aorus-League-4,N/A
466,Rusaoc Cup 86: Arabia,Weekly (C-Tier),https://aoe-elo.com/tournament/466/Rusaoc-Cup-86--Arabia,$157
397,JorDan's Medieval Brawl Season 1 #5,Weekly (B-Tier),https://aoe-elo.com/tournament/397/JorDan-s-Medieval-Brawl-Season-1--5,$500
393,Dynamite Cup II,C-Tier,https://aoe-elo.com/tournament/393/Dynamite-Cup-II,N/A
395,Vululu Invitational,B-Tier,https://aoe-elo.com/tournament/395/Vululu-Invitational,$2000
465,Rusaoc Cup 85: African Clearing,Weekly (C-Tier),https://aoe-elo.com/tournament/465/Rusaoc-Cup-85--African-Clearing,$142
394,JorDan's Medieval Brawl Season 1 #4,Weekly (B-Tier),https://aoe-elo.com/tournament/394/JorDan-s-Medieval-Brawl-Season-1--4,$500
495,Circuito Sudamericano de AOE2: Liga Tlaxcala,NaN,https://aoe-elo.com/tournament/495/Circuito-Sudamericano-de-AOE2--Liga-Tlaxcala,N/A
382,Sink or Swim,C-Tier,https://aoe-elo.com/tournament/382/Sink-or-Swim,N/A
408,Metsä Cup,C-Tier,https://aoe-elo.com/tournament/408/Mets---Cup,$200
390,The Resurgence,S-Tier,https://aoe-elo.com/tournament/390/The-Resurgence,$10000
378,Cổng VNS 2k3,C-Tier,https://aoe-elo.com/tournament/378/C---ng-VNS-2k3,$136
385,Master of the Circus 2,B-Tier,https://aoe-elo.com/tournament/385/Master-of-the-Circus-2,$1000
464,Rusaoc Cup 84: Bypass,Weekly (C-Tier),https://aoe-elo.com/tournament/464/Rusaoc-Cup-84--Bypass,$145
391,JorDan's Medieval Brawl Season 1 #3,Weekly (B-Tier),https://aoe-elo.com/tournament/391/JorDan-s-Medieval-Brawl-Season-1--3,$500
374,Rey de las Américas 3,A-Tier,https://aoe-elo.com/tournament/374/Rey-de-las-Am--ricas-3,$2300
396,The Golden Trials,NaN,https://aoe-elo.com/tournament/396/The-Golden-Trials,$75
388,Rise of the Elephants,A-Tier,https://aoe-elo.com/tournament/388/Rise-of-the-Elephants,$5000
381,OnlyBans,Qualifier (A-Tier),https://aoe-elo.com/tournament/381/OnlyBans,$1489
387,The Resurgence Qualifier,NaN,https://aoe-elo.com/tournament/387/The-Resurgence-Qualifier,N/A
386,Ayre Masters Series II: Arabia,B-Tier,https://aoe-elo.com/tournament/386/Ayre-Masters-Series-II--Arabia,N/A
380,Argeking77 Cup,B-Tier,https://aoe-elo.com/tournament/380/Argeking77-Cup,$300
384,Only Land French Cup,NaN,https://aoe-elo.com/tournament/384/Only-Land-French-Cup,N/A
369,Torneo Nacional Español 2021,B-Tier,https://aoe-elo.com/tournament/369/Torneo-Nacional-Espa--ol-2021,$382
376,Ayre Masters Series II: Arabia Qualifier,Qualifier (B-Tier),https://aoe-elo.com/tournament/376/Ayre-Masters-Series-II--Arabia-Qualifier,N/A
383,JorDan's Medieval Brawl Season 1 #2,Weekly (B-Tier),https://aoe-elo.com/tournament/383/JorDan-s-Medieval-Brawl-Season-1--2,$400
463,Rusaoc Cup 83: Marketplace,Weekly (C-Tier),https://aoe-elo.com/tournament/463/Rusaoc-Cup-83--Marketplace,$124
377,Top FR,NaN,https://aoe-elo.com/tournament/377/Top-FR,N/A
379,Cổng VNS 2k,NaN,https://aoe-elo.com/tournament/379/C---ng-VNS-2k,N/A
375,Banano Open Classic,NaN,https://aoe-elo.com/tournament/375/Banano-Open-Classic,$180
462,Rusaoc Cup 82: Grand Bara,Weekly (C-Tier),https://aoe-elo.com/tournament/462/Rusaoc-Cup-82--Grand-Bara,$109
373,JorDan's Medieval Brawl Season 1 #1,NaN,https://aoe-elo.com/tournament/373/JorDan-s-Medieval-Brawl-Season-1--1,N/A
359,Deep Waters Pro League: Season 2,B-Tier,https://aoe-elo.com/tournament/359/Deep-Waters-Pro-League--Season-2,N/A
468,Circuito Sudamericano de AOE2: Liga Tenochtitlán,NaN,https://aoe-elo.com/tournament/468/Circuito-Sudamericano-de-AOE2--Liga-Tenochtitl--n,N/A
370,Championnat Francophone 3,NaN,https://aoe-elo.com/tournament/370/Championnat-Francophone-3,N/A
368,Ayre Mid-Level Series,NaN,https://aoe-elo.com/tournament/368/Ayre-Mid-Level-Series,N/A
461,Rusaoc Cup 81: Fortress,Weekly (C-Tier),https://aoe-elo.com/tournament/461/Rusaoc-Cup-81--Fortress,$110
364,Throwing Baguette Cup 3,C-Tier,https://aoe-elo.com/tournament/364/Throwing-Baguette-Cup-3,$113
460,Rusaoc Cup 80: Arena,Weekly (C-Tier),https://aoe-elo.com/tournament/460/Rusaoc-Cup-80--Arena,$264
363,World Rumble,A-Tier,https://aoe-elo.com/tournament/363/World-Rumble,$5500
366,Master of Socotra 2,A-Tier,https://aoe-elo.com/tournament/366/Master-of-Socotra-2,N/A
367,King of the Four Lakes,C-Tier,https://aoe-elo.com/tournament/367/King-of-the-Four-Lakes,N/A
365,Aorus League 3,B-Tier,https://aoe-elo.com/tournament/365/Aorus-League-3,N/A
349,Master of HyperRandom,NaN,https://aoe-elo.com/tournament/349/Master-of-HyperRandom,$830
450,AOEliga: Season #4,C-Tier,https://aoe-elo.com/tournament/450/AOEliga--Season--4,$117
360,Ayre Masters Series I: The Golden Cup,B-Tier,https://aoe-elo.com/tournament/360/Ayre-Masters-Series-I--The-Golden-Cup,N/A
361,World Rumble Qualifier,Qualifier (A-Tier),https://aoe-elo.com/tournament/361/World-Rumble-Qualifier,N/A
458,Rusaoc Cup 78: Hill Fort,Weekly (C-Tier),https://aoe-elo.com/tournament/458/Rusaoc-Cup-78--Hill-Fort,$118
362,New Year - Cup,B-Tier,https://aoe-elo.com/tournament/362/New-Year---Cup,$200
353,Wandering Warriors Cup,S-Tier,https://aoe-elo.com/tournament/353/Wandering-Warriors-Cup,$25000
355,Ayre Masters Series I: The Golden Cup Qualifier,Qualifier (B-Tier),https://aoe-elo.com/tournament/355/Ayre-Masters-Series-I--The-Golden-Cup-Qualifier,N/A
356,King of Poland,NaN,https://aoe-elo.com/tournament/356/King-of-Poland,$445
358,8 Mercenaries,B-Tier,https://aoe-elo.com/tournament/358/8-Mercenaries,N/A
357,Deep Waters Pro League 2 Qualifier,Qualifier (B-Tier),https://aoe-elo.com/tournament/357/Deep-Waters-Pro-League-2-Qualifier,N/A
351,Plebs of Socotra,C-Tier,https://aoe-elo.com/tournament/351/Plebs-of-Socotra,$100
354,King of the African Clearing,C-Tier,https://aoe-elo.com/tournament/354/King-of-the-African-Clearing,N/A
352,Rusaoc Cup 77 - Final of the Year,A-Tier,https://aoe-elo.com/tournament/352/Rusaoc-Cup-77---Final-of-the-Year,N/A
456,Rusaoc Cup 75: Arena,Weekly (C-Tier),https://aoe-elo.com/tournament/456/Rusaoc-Cup-75--Arena,$66
457,Rusaoc Cup 76: Nomad,Weekly (C-Tier),https://aoe-elo.com/tournament/457/Rusaoc-Cup-76--Nomad,$66
455,Rusaoc Cup 74: Arabia,Weekly (C-Tier),https://aoe-elo.com/tournament/455/Rusaoc-Cup-74--Arabia,$66
348,Coupe de France Age of Empires II,B-Tier,https://aoe-elo.com/tournament/348/Coupe-de-France-Age-of-Empires-II,N/A
345,King of the Desert 4,S-Tier,https://aoe-elo.com/tournament/345/King-of-the-Desert-4,$75000
350,Argentina Game Show 2021,B-Tier,https://aoe-elo.com/tournament/350/Argentina-Game-Show-2021,$736
454,Rusaoc Cup 72: Hill Fort,Weekly (C-Tier),https://aoe-elo.com/tournament/454/Rusaoc-Cup-72--Hill-Fort,$68
347,The Crystal Cup 2,NaN,https://aoe-elo.com/tournament/347/The-Crystal-Cup-2,$50
346,Aorus League 2,B-Tier,https://aoe-elo.com/tournament/346/Aorus-League-2,$1000
371,Taiwan Arena Clown Cup,B-Tier,https://aoe-elo.com/tournament/371/Taiwan-Arena-Clown-Cup,$1257
453,Rusaoc Cup 70: Arena,Weekly (C-Tier),https://aoe-elo.com/tournament/453/Rusaoc-Cup-70--Arena,$68
336,Ayre Pro League: Season 2,B-Tier,https://aoe-elo.com/tournament/336/Ayre-Pro-League--Season-2,$1000
344,Master of Asylum,NaN,https://aoe-elo.com/tournament/344/Master-of-Asylum,$450
334,Nomad Wars,B-Tier,https://aoe-elo.com/tournament/334/Nomad-Wars,$185
343,King of the Desert 4 Qualifier,Qualifier (S-Tier),https://aoe-elo.com/tournament/343/King-of-the-Desert-4-Qualifier,$2400
341,Liga Argentina 3,C-Tier,https://aoe-elo.com/tournament/341/Liga-Argentina-3,$100
339,The Greatt Cup,B-Tier,https://aoe-elo.com/tournament/339/The-Greatt-Cup,$907
452,Rusaoc Cup 69: Fortress,Weekly (C-Tier),https://aoe-elo.com/tournament/452/Rusaoc-Cup-69--Fortress,$71
485,EndoWar 2,C-Tier,https://aoe-elo.com/tournament/485/EndoWar-2,N/A
330,History Hit Open,A-Tier,https://aoe-elo.com/tournament/330/History-Hit-Open,$5000
335,Dutch Open 2021,C-Tier,https://aoe-elo.com/tournament/335/Dutch-Open-2021,$705
338,HOLY Cup,S-Tier,https://aoe-elo.com/tournament/338/HOLY-Cup,$15000
295,Double Cup 2,B-Tier,https://aoe-elo.com/tournament/295/Double-Cup-2,$700
331,Ayre Pro League: Season 2 Qualifier,Qualifier (B-Tier),https://aoe-elo.com/tournament/331/Ayre-Pro-League--Season-2-Qualifier,N/A
333,HOLY Cup: Qualifier 2,NaN,https://aoe-elo.com/tournament/333/HOLY-Cup--Qualifier-2,N/A
337,Taiwan Open,B-Tier,https://aoe-elo.com/tournament/337/Taiwan-Open,$3600
332,HOLY Cup: Qualifier 1,NaN,https://aoe-elo.com/tournament/332/HOLY-Cup--Qualifier-1,N/A
329,Red Bull Wololo 5,S-Tier,https://aoe-elo.com/tournament/329/Red-Bull-Wololo-5,$100000
324,Empirematics Gold Championship,B-Tier,https://aoe-elo.com/tournament/324/Empirematics-Gold-Championship,N/A
323,Chilean Cup 2021,C-Tier,https://aoe-elo.com/tournament/323/Chilean-Cup-2021,$96
328,Exiled Heroes,A-Tier,https://aoe-elo.com/tournament/328/Exiled-Heroes,N/A
449,Rusaoc Cup 66: Mountain Range,Weekly (C-Tier),https://aoe-elo.com/tournament/449/Rusaoc-Cup-66--Mountain-Range,$76
327,Clown Legion League,NaN,https://aoe-elo.com/tournament/327/Clown-Legion-League,N/A
316,WWP Cup,A-Tier,https://aoe-elo.com/tournament/316/WWP-Cup,$18290
326,Wakko Arena Cup,C-Tier,https://aoe-elo.com/tournament/326/Wakko-Arena-Cup,$255
448,Rusaoc Cup 65: Arena,Weekly (C-Tier),https://aoe-elo.com/tournament/448/Rusaoc-Cup-65--Arena,$74
311,PTT Cup 13,B-Tier,https://aoe-elo.com/tournament/311/PTT-Cup-13,$1300
322,SEAgame 2021,B-Tier,https://aoe-elo.com/tournament/322/SEAgame-2021,$595
325,Red Bull Wololo 5 Qualifier,Qualifier (S-Tier),https://aoe-elo.com/tournament/325/Red-Bull-Wololo-5-Qualifier,N/A
447,Rusaoc Cup 64: Arabia,Weekly (C-Tier),https://aoe-elo.com/tournament/447/Rusaoc-Cup-64--Arabia,$61
321,All-In Cup,A-Tier,https://aoe-elo.com/tournament/321/All-In-Cup,$5000
320,Clash of Kings,C-Tier,https://aoe-elo.com/tournament/320/Clash-of-Kings,$237
317,Little Eagle Legends,B-Tier,https://aoe-elo.com/tournament/317/Little-Eagle-Legends,$500
310,Masters of Arena 6,A-Tier,https://aoe-elo.com/tournament/310/Masters-of-Arena-6,$3100
313,Latin Gaming eSports Cup,B-Tier,https://aoe-elo.com/tournament/313/Latin-Gaming-eSports-Cup,$400
300,The Great British Battle Off 2021,B-Tier,https://aoe-elo.com/tournament/300/The-Great-British-Battle-Off-2021,$1243
319,All-In Cup Qualifier,Qualifier (A-Tier),https://aoe-elo.com/tournament/319/All-In-Cup-Qualifier,N/A
318,DreamHack Beyond: Community Clash (NA),B-Tier,https://aoe-elo.com/tournament/318/DreamHack-Beyond--Community-Clash--NA-,$1000
315,The Open Classic,S-Tier,https://aoe-elo.com/tournament/315/The-Open-Classic,$35000
309,Visible Cup 4 Swiss Stage Round 7 & Play Offs,NaN,https://aoe-elo.com/tournament/309/Visible-Cup-4-Swiss-Stage-Round-7---Play-Offs,N/A
314,Aggression Cup,NaN,https://aoe-elo.com/tournament/314/Aggression-Cup,$150
312,Battle of Hermanos,B-Tier,https://aoe-elo.com/tournament/312/Battle-of-Hermanos,N/A
301,Masters of Arena 6 Qualifiers,A-Tier,https://aoe-elo.com/tournament/301/Masters-of-Arena-6-Qualifiers,N/A
304,Visible Cup 4 Swiss Stage Round 5-6,NaN,https://aoe-elo.com/tournament/304/Visible-Cup-4-Swiss-Stage-Round-5-6,N/A
305,Collection Cup,A-Tier,https://aoe-elo.com/tournament/305/Collection-Cup,$2400
302,Championnat Francophone II,C-Tier,https://aoe-elo.com/tournament/302/Championnat-Francophone-II,$298
306,Empires Showdown 3,Charity (C-Tier),https://aoe-elo.com/tournament/306/Empires-Showdown-3,N/A
307,VNS Master Cup 2021,B-Tier,https://aoe-elo.com/tournament/307/VNS-Master-Cup-2021,$1390
298,Visible Cup 4 Swiss Stage Round 3-4,A-Tier,https://aoe-elo.com/tournament/298/Visible-Cup-4-Swiss-Stage-Round-3-4,N/A
299,Red Bull Wololo 4,S-Tier,https://aoe-elo.com/tournament/299/Red-Bull-Wololo-4,$30000
291,Visible Cup 4 Swiss Stage Round 1-2,NaN,https://aoe-elo.com/tournament/291/Visible-Cup-4-Swiss-Stage-Round-1-2,N/A
297,Aorus Leage,NaN,https://aoe-elo.com/tournament/297/Aorus-Leage,N/A
303,Moscow Cybersport 3,B-Tier,https://aoe-elo.com/tournament/303/Moscow-Cybersport-3,N/A
296,Yolo Cup,A-Tier,https://aoe-elo.com/tournament/296/Yolo-Cup,$1000
308,World Desert Championship: Sand League,B-Tier,https://aoe-elo.com/tournament/308/World-Desert-Championship--Sand-League,$350
293,Red Bull Wololo 4 Qualifier #2,NaN,https://aoe-elo.com/tournament/293/Red-Bull-Wololo-4-Qualifier--2,N/A
443,AOEliga: Season #3,C-Tier,https://aoe-elo.com/tournament/443/AOEliga--Season--3,$239
292,Outback Legends,B-Tier,https://aoe-elo.com/tournament/292/Outback-Legends,$1548
446,Rusaoc Cup 60: Gold Rush,Weekly (C-Tier),https://aoe-elo.com/tournament/446/Rusaoc-Cup-60--Gold-Rush,$62
290,Red Bull Wololo 4 Qualifer #1,NaN,https://aoe-elo.com/tournament/290/Red-Bull-Wololo-4-Qualifer--1,N/A
249,Deep Waters Gaming Pro League S1,NaN,https://aoe-elo.com/tournament/249/Deep-Waters-Gaming-Pro-League-S1,N/A
267,Ellie's Charity Invitational 2,Charity (A-Tier),https://aoe-elo.com/tournament/267/Ellie-s-Charity-Invitational-2,$2000
278,Copa México: Guerras Floridas,C-Tier,https://aoe-elo.com/tournament/278/Copa-M--xico--Guerras-Floridas,$400
263,SuperLeAGE #3,NaN,https://aoe-elo.com/tournament/263/SuperLeAGE--3,$65
262,World Desert Championship,NaN,https://aoe-elo.com/tournament/262/World-Desert-Championship,$8000
268,USA Cup 2021,B-Tier,https://aoe-elo.com/tournament/268/USA-Cup-2021,$1200
279,Rey de las Américas 2,B-Tier,https://aoe-elo.com/tournament/279/Rey-de-las-Am--ricas-2,$1000
445,Rusaoc Cup 59: Arabia,Weekly (C-Tier),https://aoe-elo.com/tournament/445/Rusaoc-Cup-59--Arabia,$61
284,Hidden Cup Italia,B-Tier,https://aoe-elo.com/tournament/284/Hidden-Cup-Italia,$947
282,French Cup 2021,B-Tier,https://aoe-elo.com/tournament/282/French-Cup-2021,$450
280,Arabia Invitational by Mario Ovalle 2,A-Tier,https://aoe-elo.com/tournament/280/Arabia-Invitational-by-Mario-Ovalle-2,$2000
283,Muumilaakso,NaN,https://aoe-elo.com/tournament/283/Muumilaakso,N/A
281,ICRYPEX Turkish League,B-Tier,https://aoe-elo.com/tournament/281/ICRYPEX-Turkish-League,$394
400,Rusaoc Cup 58: Hideout,Weekly (C-Tier),https://aoe-elo.com/tournament/400/Rusaoc-Cup-58--Hideout,N/A
269,SalzZ Cup 3,B-Tier,https://aoe-elo.com/tournament/269/SalzZ-Cup-3,$265
277,Rusaoc Cup 57: Arena,Weekly (C-Tier),https://aoe-elo.com/tournament/277/Rusaoc-Cup-57--Arena,$59
254,Good Old Times Cup,NaN,https://aoe-elo.com/tournament/254/Good-Old-Times-Cup,$530
265,ASIA Cup - MAJOR FINALS,NaN,https://aoe-elo.com/tournament/265/ASIA-Cup---MAJOR-FINALS,$2500
276,Rusaoc Cup 56: Regicide Fortress,Weekly (C-Tier),https://aoe-elo.com/tournament/276/Rusaoc-Cup-56--Regicide-Fortress,$186
275,Rusaoc Cup 55: Oasis,Weekly (C-Tier),https://aoe-elo.com/tournament/275/Rusaoc-Cup-55--Oasis,$174
261,Tarreo Comunity League,C-Tier,https://aoe-elo.com/tournament/261/Tarreo-Comunity-League,$139
260,Copa Who,NaN,https://aoe-elo.com/tournament/260/Copa-Who,$200
246,European Rumble,NaN,https://aoe-elo.com/tournament/246/European-Rumble,$4211
274,Rusaoc Cup 54: Baltic,Weekly (C-Tier),https://aoe-elo.com/tournament/274/Rusaoc-Cup-54--Baltic,$118
253,Hidden Cup 4,S-Tier,https://aoe-elo.com/tournament/253/Hidden-Cup-4,$87240
294,Queen's Clash,NaN,https://aoe-elo.com/tournament/294/Queen-s-Clash,N/A
273,Rusaoc Cup 53: Land Nomad,Weekly (C-Tier),https://aoe-elo.com/tournament/273/Rusaoc-Cup-53--Land-Nomad,$134
247,Hidden Cup 4 Qualifiers,Qualifier (S-Tier),https://aoe-elo.com/tournament/247/Hidden-Cup-4-Qualifiers,$3200
255,Baby Cup 2021: Paladins,C-Tier,https://aoe-elo.com/tournament/255/Baby-Cup-2021--Paladins,N/A
241,Master of Socotra,NaN,https://aoe-elo.com/tournament/241/Master-of-Socotra,$1000
272,Rusaoc Cup 52: Golden Pit,Weekly (C-Tier),https://aoe-elo.com/tournament/272/Rusaoc-Cup-52--Golden-Pit,$123
243,Lords of the Arena,NaN,https://aoe-elo.com/tournament/243/Lords-of-the-Arena,$500
444,Rusaoc Cup 51: Hill Fort,Weekly (C-Tier),https://aoe-elo.com/tournament/444/Rusaoc-Cup-51--Hill-Fort,$61
242,German Championship,NaN,https://aoe-elo.com/tournament/242/German-Championship,$3000
244,Clash of Anatolia,NaN,https://aoe-elo.com/tournament/244/Clash-of-Anatolia,$284
442,AOEliga: Season #2,B-Tier,https://aoe-elo.com/tournament/442/AOEliga--Season--2,$467
340,Liga Argentina 2,C-Tier,https://aoe-elo.com/tournament/340/Liga-Argentina-2,$100
248,Special Tournament from Moscow Cybersport,C-Tier,https://aoe-elo.com/tournament/248/Special-Tournament-from-Moscow-Cybersport,$132
239,Red Bull Wololo 3,S-Tier,https://aoe-elo.com/tournament/239/Red-Bull-Wololo-3,$30000
240,Maestros de Arabia,NaN,https://aoe-elo.com/tournament/240/Maestros-de-Arabia,$300
238,Red Bull Wololo 3 Qualifier #2,NaN,https://aoe-elo.com/tournament/238/Red-Bull-Wololo-3-Qualifier--2,N/A
271,Rusaoc Cup 50: Final of the Year,B-Tier,https://aoe-elo.com/tournament/271/Rusaoc-Cup-50--Final-of-the-Year,$754
237,Red Bull Wololo 3 Qualifier #1,NaN,https://aoe-elo.com/tournament/237/Red-Bull-Wololo-3-Qualifier--1,N/A
231,Terra Nova,NaN,https://aoe-elo.com/tournament/231/Terra-Nova,$1000
236,French Rumble,NaN,https://aoe-elo.com/tournament/236/French-Rumble,$1300
235,SalzZ Cup 2,C-Tier,https://aoe-elo.com/tournament/235/SalzZ-Cup-2,$426
230,Brotherhood Turnier High Elo,NaN,https://aoe-elo.com/tournament/230/Brotherhood-Turnier-High-Elo,N/A
227,Double Cup,NaN,https://aoe-elo.com/tournament/227/Double-Cup,$400
270,Rusaoc Cup 48: Hideout,Weekly (C-Tier),https://aoe-elo.com/tournament/270/Rusaoc-Cup-48--Hideout,$68
229,Tournament Champions League 2020,A-Tier,https://aoe-elo.com/tournament/229/Tournament-Champions-League-2020,$10000
222,Master of the Circus,NaN,https://aoe-elo.com/tournament/222/Master-of-the-Circus,$200
228,Crikey Cup Open #14,NaN,https://aoe-elo.com/tournament/228/Crikey-Cup-Open--14,$73
438,Rusaoc Cup 46: HyperRandom,Weekly (C-Tier),https://aoe-elo.com/tournament/438/Rusaoc-Cup-46--HyperRandom,$88
441,AOEliga: Season #1,B-Tier,https://aoe-elo.com/tournament/441/AOEliga--Season--1,$435
3,Masters of RMS,NaN,https://aoe-elo.com/tournament/3/Masters-of-RMS,$390
219,King of the Desert 3,S-Tier,https://aoe-elo.com/tournament/219/King-of-the-Desert-3,$50000
226,Crikey Cup Open #13,NaN,https://aoe-elo.com/tournament/226/Crikey-Cup-Open--13,$71
342,Liga Argentina,NaN,https://aoe-elo.com/tournament/342/Liga-Argentina,N/A
225,Crikey Cup Open #12,NaN,https://aoe-elo.com/tournament/225/Crikey-Cup-Open--12,$71
223,Town Bell Cup III,NaN,https://aoe-elo.com/tournament/223/Town-Bell-Cup-III,$100
224,Crikey Cup Open #11,NaN,https://aoe-elo.com/tournament/224/Crikey-Cup-Open--11,$71
437,Rusaoc Cup 44: Arabia,Weekly (C-Tier),https://aoe-elo.com/tournament/437/Rusaoc-Cup-44--Arabia,$58
197,Ayre Age League: Season One,NaN,https://aoe-elo.com/tournament/197/Ayre-Age-League--Season-One,$550
221,Clown Wars - Episode 1,C-Tier,https://aoe-elo.com/tournament/221/Clown-Wars---Episode-1,$100
215,SalzZ Cup 1,C-Tier,https://aoe-elo.com/tournament/215/SalzZ-Cup-1,$200
218,Battle of the Four,B-Tier,https://aoe-elo.com/tournament/218/Battle-of-the-Four,$1100
216,Red Bull Wololo 2,NaN,https://aoe-elo.com/tournament/216/Red-Bull-Wololo-2,$30000
214,Red Bull Wololo 2 Qualifier #2,NaN,https://aoe-elo.com/tournament/214/Red-Bull-Wololo-2-Qualifier--2,N/A
212,Arabia Invitational by Mario Ovalle,NaN,https://aoe-elo.com/tournament/212/Arabia-Invitational-by-Mario-Ovalle,$2000
200,AOElympics Border Dispute 1v1,NaN,https://aoe-elo.com/tournament/200/AOElympics-Border-Dispute-1v1,N/A
201,AOElympics Double Arabia 1v1,NaN,https://aoe-elo.com/tournament/201/AOElympics-Double-Arabia-1v1,N/A
202,AOElympics Plains 1v1,NaN,https://aoe-elo.com/tournament/202/AOElympics-Plains-1v1,N/A
203,AOElympics Hideout 1v1,NaN,https://aoe-elo.com/tournament/203/AOElympics-Hideout-1v1,N/A
204,AOElympics Pond Arena 1v1,NaN,https://aoe-elo.com/tournament/204/AOElympics-Pond-Arena-1v1,N/A
205,AOElympics Hamburger 1v1,NaN,https://aoe-elo.com/tournament/205/AOElympics-Hamburger-1v1,N/A
206,AOElympics Land Nomad 1v1,NaN,https://aoe-elo.com/tournament/206/AOElympics-Land-Nomad-1v1,N/A
207,AOElympics MegaRandom 1v1,NaN,https://aoe-elo.com/tournament/207/AOElympics-MegaRandom-1v1,N/A
208,AOElympics Water Nomad 1v1,NaN,https://aoe-elo.com/tournament/208/AOElympics-Water-Nomad-1v1,N/A
209,AOElympics Bog Islands 1v1,NaN,https://aoe-elo.com/tournament/209/AOElympics-Bog-Islands-1v1,N/A
210,AOElympics Islands 1v1,NaN,https://aoe-elo.com/tournament/210/AOElympics-Islands-1v1,N/A
211,AOElympics Mediterranean 1v1,NaN,https://aoe-elo.com/tournament/211/AOElympics-Mediterranean-1v1,N/A
213,Red Bull Wololo 2 Qualifier #1,NaN,https://aoe-elo.com/tournament/213/Red-Bull-Wololo-2-Qualifier--1,N/A
194,Rey de las Américas,NaN,https://aoe-elo.com/tournament/194/Rey-de-las-Am--ricas,$300
190,ClownCup3 - Serious Edition,NaN,https://aoe-elo.com/tournament/190/ClownCup3---Serious-Edition,$1375
196,Town Bell Cup II,NaN,https://aoe-elo.com/tournament/196/Town-Bell-Cup-II,$150
198,KOTD3 Express,NaN,https://aoe-elo.com/tournament/198/KOTD3-Express,$1000
180,AOElympics Desertfox 1v1,NaN,https://aoe-elo.com/tournament/180/AOElympics-Desertfox-1v1,N/A
179,AOElympics Arena 1v1,NaN,https://aoe-elo.com/tournament/179/AOElympics-Arena-1v1,N/A
181,AOElympics Regicide Fortress 1v1,NaN,https://aoe-elo.com/tournament/181/AOElympics-Regicide-Fortress-1v1,N/A
182,AOElympics Nomad 1v1,NaN,https://aoe-elo.com/tournament/182/AOElympics-Nomad-1v1,N/A
183,AOElympics UltraRandom 1v1,NaN,https://aoe-elo.com/tournament/183/AOElympics-UltraRandom-1v1,N/A
184,AOElympics Loch Ness 1v1,NaN,https://aoe-elo.com/tournament/184/AOElympics-Loch-Ness-1v1,N/A
185,AOElympics Migration 1v1,NaN,https://aoe-elo.com/tournament/185/AOElympics-Migration-1v1,N/A
186,AOElympics Rooster 1v1,NaN,https://aoe-elo.com/tournament/186/AOElympics-Rooster-1v1,N/A
187,AOElympics Cross 1v1,NaN,https://aoe-elo.com/tournament/187/AOElympics-Cross-1v1,N/A
188,AOElympics Golden Island 1v1,NaN,https://aoe-elo.com/tournament/188/AOElympics-Golden-Island-1v1,N/A
175,AOElympics Atacama 1v1,NaN,https://aoe-elo.com/tournament/175/AOElympics-Atacama-1v1,N/A
176,AOElympics Dry Arabia 1v1,NaN,https://aoe-elo.com/tournament/176/AOElympics-Dry-Arabia-1v1,N/A
177,AOElympics Mirage 1v1,NaN,https://aoe-elo.com/tournament/177/AOElympics-Mirage-1v1,N/A
178,AOElympics Slippery Springs 1v1,NaN,https://aoe-elo.com/tournament/178/AOElympics-Slippery-Springs-1v1,N/A
192,ClownCup3 Qualifiers,NaN,https://aoe-elo.com/tournament/192/ClownCup3-Qualifiers,N/A
191,Italian Spring Cup 2020 (Lega oro),NaN,https://aoe-elo.com/tournament/191/Italian-Spring-Cup-2020--Lega-oro-,$50
436,Rusaoc Cup 40: Arabia,Weekly (C-Tier),https://aoe-elo.com/tournament/436/Rusaoc-Cup-40--Arabia,$64
195,Town Bell Cup,NaN,https://aoe-elo.com/tournament/195/Town-Bell-Cup,$100
173,Draft My Back,NaN,https://aoe-elo.com/tournament/173/Draft-My-Back,$50
189,Chilean Invitational Cup,NaN,https://aoe-elo.com/tournament/189/Chilean-Invitational-Cup,$120
435,Rusaoc Cup 39: Oasis,Weekly (C-Tier),https://aoe-elo.com/tournament/435/Rusaoc-Cup-39--Oasis,$96
171,Classic Cup: King of the Huns,NaN,https://aoe-elo.com/tournament/171/Classic-Cup--King-of-the-Huns,$150
166,Visible Cup,NaN,https://aoe-elo.com/tournament/166/Visible-Cup,$451
172,Red Bull Gaming World,NaN,https://aoe-elo.com/tournament/172/Red-Bull-Gaming-World,$1000
434,Rusaoc Cup 38: Mangrove Jungle,Weekly (C-Tier),https://aoe-elo.com/tournament/434/Rusaoc-Cup-38--Mangrove-Jungle,$61
169,Red Bull Wololo,NaN,https://aoe-elo.com/tournament/169/Red-Bull-Wololo,$22000
154,SBARRO Tournament,NaN,https://aoe-elo.com/tournament/154/SBARRO-Tournament,N/A
168,Red Bull Wololo Qualifier #2,NaN,https://aoe-elo.com/tournament/168/Red-Bull-Wololo-Qualifier--2,N/A
433,Rusaoc Cup 37: Golden Pit,Weekly (C-Tier),https://aoe-elo.com/tournament/433/Rusaoc-Cup-37--Golden-Pit,$60
167,Red Bull Wololo Qualifier #1,NaN,https://aoe-elo.com/tournament/167/Red-Bull-Wololo-Qualifier--1,N/A
600,Argeking 2020 DE,B-Tier,https://aoe-elo.com/tournament/600/Argeking-2020-DE,N/A
601,Argeking 2020 WK,B-Tier,https://aoe-elo.com/tournament/601/Argeking-2020-WK,N/A
432,Rusaoc Cup 36: Hideout,Weekly (C-Tier),https://aoe-elo.com/tournament/432/Rusaoc-Cup-36--Hideout,$68
165,Empire Wars Arena Mini-Cup,NaN,https://aoe-elo.com/tournament/165/Empire-Wars-Arena-Mini-Cup,$110
431,Rusaoc Cup 35: Arena,Weekly (C-Tier),https://aoe-elo.com/tournament/431/Rusaoc-Cup-35--Arena,$59
163,Hidden Cup 3,NaN,https://aoe-elo.com/tournament/163/Hidden-Cup-3,N/A
151,Bonjwa Fight Night Club,NaN,https://aoe-elo.com/tournament/151/Bonjwa-Fight-Night-Club,$3100
164,Dekodie x eParadise Community Turnier,NaN,https://aoe-elo.com/tournament/164/Dekodie-x-eParadise-Community-Turnier,$550
159,Empires Showdown Invitational,NaN,https://aoe-elo.com/tournament/159/Empires-Showdown-Invitational,$500
430,Rusaoc Cup 34: Reg. Fortress,Weekly (C-Tier),https://aoe-elo.com/tournament/430/Rusaoc-Cup-34--Reg--Fortress,$68
153,Hidden Cup 3 Qualifier,NaN,https://aoe-elo.com/tournament/153/Hidden-Cup-3-Qualifier,$5600
429,Rusaoc Cup 33: Arena,Weekly (C-Tier),https://aoe-elo.com/tournament/429/Rusaoc-Cup-33--Arena,$70
152,eParadise Cup,NaN,https://aoe-elo.com/tournament/152/eParadise-Cup,$330
150,Fair Civs Cup,NaN,https://aoe-elo.com/tournament/150/Fair-Civs-Cup,$860
428,Rusaoc Cup 32: Arabia,Weekly (C-Tier),https://aoe-elo.com/tournament/428/Rusaoc-Cup-32--Arabia,$71
108,Nili's Apartment Cup 3,NaN,https://aoe-elo.com/tournament/108/Nili-s-Apartment-Cup-3,$41000
107,NAC 3 Qualifier,NaN,https://aoe-elo.com/tournament/107/NAC-3-Qualifier,$500
104,ClownCup2,NaN,https://aoe-elo.com/tournament/104/ClownCup2,$250
99,ECL LAN Finals,NaN,https://aoe-elo.com/tournament/99/ECL-LAN-Finals,$8500
96,Mono Civ Cup,NaN,https://aoe-elo.com/tournament/96/Mono-Civ-Cup,$650
95,Who is #2? ,NaN,https://aoe-elo.com/tournament/95/Who-is--2--,$1250
93,Mangrove Shallows Cup,NaN,https://aoe-elo.com/tournament/93/Mangrove-Shallows-Cup,$10800
94,Nomad Summer Showdown,NaN,https://aoe-elo.com/tournament/94/Nomad-Summer-Showdown,$500
44,ECL Europe West 1v1,NaN,https://aoe-elo.com/tournament/44/ECL-Europe-West-1v1,$2800
217,King of the Sauna,NaN,https://aoe-elo.com/tournament/217/King-of-the-Sauna,$374
427,Rusaoc Cup 31: Cenotaph,Weekly (C-Tier),https://aoe-elo.com/tournament/427/Rusaoc-Cup-31--Cenotaph,$73
92,Aspiring Experts,NaN,https://aoe-elo.com/tournament/92/Aspiring-Experts,$600
88,Hidden Cup 2,NaN,https://aoe-elo.com/tournament/88/Hidden-Cup-2,$10200
426,Rusaoc Cup 29: Arabia,Weekly (C-Tier),https://aoe-elo.com/tournament/426/Rusaoc-Cup-29--Arabia,$74
91,DemEyesRed Arena Cup,NaN,https://aoe-elo.com/tournament/91/DemEyesRed-Arena-Cup,$350
425,Rusaoc Cup 28: Land Nomad,Weekly (C-Tier),https://aoe-elo.com/tournament/425/Rusaoc-Cup-28--Land-Nomad,$80
89,Hidden Cup 2 Qualifiers,NaN,https://aoe-elo.com/tournament/89/Hidden-Cup-2-Qualifiers,N/A
67,ECL Southeast Asia 1v1,NaN,https://aoe-elo.com/tournament/67/ECL-Southeast-Asia-1v1,$2800
58,Nili's Apartment Cup 2,NaN,https://aoe-elo.com/tournament/58/Nili-s-Apartment-Cup-2,$14000
2,King of the Desert 2,NaN,https://aoe-elo.com/tournament/2/King-of-the-Desert-2,$15800
420,Rusaoc Cup 26 - 1x1 Year Final,B-Tier,https://aoe-elo.com/tournament/420/Rusaoc-Cup-26---1x1-Year-Final,$786
174,Rusaoc Cup 25: International Edition,NaN,https://aoe-elo.com/tournament/174/Rusaoc-Cup-25--International-Edition,$1000
424,Rusaoc Cup 23,Weekly (C-Tier),https://aoe-elo.com/tournament/424/Rusaoc-Cup-23,$132
423,Rusaoc Cup 22: Deadly Forest,Weekly (C-Tier),https://aoe-elo.com/tournament/423/Rusaoc-Cup-22--Deadly-Forest,$100
9,NAC 2 Qualifier 2,NaN,https://aoe-elo.com/tournament/9/NAC-2-Qualifier-2,N/A
8,NAC 2 Qualifier 1,NaN,https://aoe-elo.com/tournament/8/NAC-2-Qualifier-1,N/A
16,King of the Realm,NaN,https://aoe-elo.com/tournament/16/King-of-the-Realm,$150
422,Rusaoc Cup 20: Socotra,Weekly (C-Tier),https://aoe-elo.com/tournament/422/Rusaoc-Cup-20--Socotra,$67
12,ECL Middle East 1v1,NaN,https://aoe-elo.com/tournament/12/ECL-Middle-East-1v1,$2800
266,USA Cup,A-Tier,https://aoe-elo.com/tournament/266/USA-Cup,$1020
7,Hidden Cup,NaN,https://aoe-elo.com/tournament/7/Hidden-Cup,$1440
35,Arena Invitational,NaN,https://aoe-elo.com/tournament/35/Arena-Invitational,$397
17,Legacy of the Huns 2,NaN,https://aoe-elo.com/tournament/17/Legacy-of-the-Huns-2,$170
14,ECL Europe East 1v1,NaN,https://aoe-elo.com/tournament/14/ECL-Europe-East-1v1,$2800
6,Nili's Apartment Cup 1,NaN,https://aoe-elo.com/tournament/6/Nili-s-Apartment-Cup-1,$2500
31,KillerB's Arabia Cup,NaN,https://aoe-elo.com/tournament/31/KillerB-s-Arabia-Cup,$600
32,Paladin Cup 1v1,NaN,https://aoe-elo.com/tournament/32/Paladin-Cup-1v1,$1000
193,R.E.D Cup High,NaN,https://aoe-elo.com/tournament/193/R-E-D-Cup-High,$200
419,Rusaoc Cup 14: Arabia,Weekly (C-Tier),https://aoe-elo.com/tournament/419/Rusaoc-Cup-14--Arabia,$73
421,Rusaoc Cup 13: Random Everything,Weekly (C-Tier),https://aoe-elo.com/tournament/421/Rusaoc-Cup-13--Random-Everything,$77
30,Masters of Arena 5,NaN,https://aoe-elo.com/tournament/30/Masters-of-Arena-5,$225
418,Rusaoc Cup 9: Arabia,Weekly (C-Tier),https://aoe-elo.com/tournament/418/Rusaoc-Cup-9--Arabia,$87
11,NAC 2 LAN,NaN,https://aoe-elo.com/tournament/11/NAC-2-LAN,$14000
4,King of the Desert 1,NaN,https://aoe-elo.com/tournament/4/King-of-the-Desert-1,$4050
417,Rusaoc Cup 6: Arabia,Weekly (C-Tier),https://aoe-elo.com/tournament/417/Rusaoc-Cup-6--Arabia,$79
416,Rusaoc Cup 5: Nomad,Weekly (C-Tier),https://aoe-elo.com/tournament/416/Rusaoc-Cup-5--Nomad,$78
40,Escape Gaming Masters 3,NaN,https://aoe-elo.com/tournament/40/Escape-Gaming-Masters-3,$1500
415,Rusaoc Cup 4: Blind Random,Weekly (C-Tier),https://aoe-elo.com/tournament/415/Rusaoc-Cup-4--Blind-Random,$93
54,Battle for Oases Bases,NaN,https://aoe-elo.com/tournament/54/Battle-for-Oases-Bases,N/A
50,Clash of the Hippo 4,NaN,https://aoe-elo.com/tournament/50/Clash-of-the-Hippo-4,$1050
414,Rusaoc Cup 2: Megarandom,Weekly (C-Tier),https://aoe-elo.com/tournament/414/Rusaoc-Cup-2--Megarandom,$86
23,Escape Euro Cup Finals,NaN,https://aoe-elo.com/tournament/23/Escape-Euro-Cup-Finals,$6000
259,Escape Gaming Euro Cup Qualifier D,Qualifier (S-Tier),https://aoe-elo.com/tournament/259/Escape-Gaming-Euro-Cup-Qualifier-D,N/A
53,Badland Masters,NaN,https://aoe-elo.com/tournament/53/Badland-Masters,N/A
258,Escape Gaming Euro Cup Qualifier C,Qualifier (S-Tier),https://aoe-elo.com/tournament/258/Escape-Gaming-Euro-Cup-Qualifier-C,N/A
52,Slightly Random,NaN,https://aoe-elo.com/tournament/52/Slightly-Random,$100
257,Escape Gaming Euro Cup Qualifier B,Qualifier (S-Tier),https://aoe-elo.com/tournament/257/Escape-Gaming-Euro-Cup-Qualifier-B,N/A
51,Freedom Cup,NaN,https://aoe-elo.com/tournament/51/Freedom-Cup,$102
256,Escape Gaming Euro Cup Qualifier A,Qualifier (S-Tier),https://aoe-elo.com/tournament/256/Escape-Gaming-Euro-Cup-Qualifier-A,N/A
36,AoE All-Stars,NaN,https://aoe-elo.com/tournament/36/AoE-All-Stars,$3000
37,Strike the Balance,NaN,https://aoe-elo.com/tournament/37/Strike-the-Balance,$1800
245,Bull King Cup,NaN,https://aoe-elo.com/tournament/245/Bull-King-Cup,N/A
55,No Wall Brawl,NaN,https://aoe-elo.com/tournament/55/No-Wall-Brawl,$45
47,Elimination Draft,NaN,https://aoe-elo.com/tournament/47/Elimination-Draft,$1000
38,Escape Gaming Masters 2,NaN,https://aoe-elo.com/tournament/38/Escape-Gaming-Masters-2,$3000
39,Escape Gaming Masters 1,NaN,https://aoe-elo.com/tournament/39/Escape-Gaming-Masters-1,$3000
60,AoC Champions League 2016,NaN,https://aoe-elo.com/tournament/60/AoC-Champions-League-2016,$529
28,Battle for Angkor,NaN,https://aoe-elo.com/tournament/28/Battle-for-Angkor,$3000
33,Masters of Arena 4,NaN,https://aoe-elo.com/tournament/33/Masters-of-Arena-4,$380
57,ZP DauT Cup,NaN,https://aoe-elo.com/tournament/57/ZP-DauT-Cup,$1460
62,Clash of the Hippo 1,NaN,https://aoe-elo.com/tournament/62/Clash-of-the-Hippo-1,$371
61,Master of Islands,NaN,https://aoe-elo.com/tournament/61/Master-of-Islands,$480
64,Enter the Sahara,NaN,https://aoe-elo.com/tournament/64/Enter-the-Sahara,$260
56,Masters of MegaRandom,NaN,https://aoe-elo.com/tournament/56/Masters-of-MegaRandom,$1000
233,谁主沉浮 Who Decides?,NaN,https://aoe-elo.com/tournament/233/-------------Who-Decides-,N/A
15,Arabia Invitational,NaN,https://aoe-elo.com/tournament/15/Arabia-Invitational,$3000
289,Dutch 1v1,C-Tier,https://aoe-elo.com/tournament/289/Dutch-1v1,N/A
59,Masters of Arena 3,NaN,https://aoe-elo.com/tournament/59/Masters-of-Arena-3,$435
63,Legacy of the Huns 1,NaN,https://aoe-elo.com/tournament/63/Legacy-of-the-Huns-1,$50
68,Master of Anniversary Mappack,NaN,https://aoe-elo.com/tournament/68/Master-of-Anniversary-Mappack,N/A
65,The Empire Collective Cup - Platinium,NaN,https://aoe-elo.com/tournament/65/The-Empire-Collective-Cup---Platinium,$2500
155,The Empire Collective Cup - Gold,NaN,https://aoe-elo.com/tournament/155/The-Empire-Collective-Cup---Gold,$625
19,WSVG Finals,NaN,https://aoe-elo.com/tournament/19/WSVG-Finals,$10000
21,WSVG Playoffs,NaN,https://aoe-elo.com/tournament/21/WSVG-Playoffs,N/A
66,Balance of Power,NaN,https://aoe-elo.com/tournament/66/Balance-of-Power,$1000
18,WSVG Americas Qualifiers,NaN,https://aoe-elo.com/tournament/18/WSVG-Americas-Qualifiers,N/A
29,WSVG Europe & Africa Qualifiers,NaN,https://aoe-elo.com/tournament/29/WSVG-Europe---Africa-Qualifiers,N/A
34,WSVG Asia & Oceania Qualifiers,NaN,https://aoe-elo.com/tournament/34/WSVG-Asia---Oceania-Qualifiers,N/A
103,War is Coming,NaN,https://aoe-elo.com/tournament/103/War-is-Coming,$110000
170,Wolfpack Encounter,NaN,https://aoe-elo.com/tournament/170/Wolfpack-Encounter,N/A
70,Top Experts League 5,NaN,https://aoe-elo.com/tournament/70/Top-Experts-League-5,$1000
75,The Arabian Conquest,NaN,https://aoe-elo.com/tournament/75/The-Arabian-Conquest,$500
71,Top Experts League 4,NaN,https://aoe-elo.com/tournament/71/Top-Experts-League-4,$500
102,Saiyanhood Legends United,NaN,https://aoe-elo.com/tournament/102/Saiyanhood-Legends-United,$700
77,Masters of Arena 2,NaN,https://aoe-elo.com/tournament/77/Masters-of-Arena-2,N/A
72,Top Experts League 3,NaN,https://aoe-elo.com/tournament/72/Top-Experts-League-3,$500
78,Forgotten Frontiers,NaN,https://aoe-elo.com/tournament/78/Forgotten-Frontiers,$100
69,Veterans of the Clash,NaN,https://aoe-elo.com/tournament/69/Veterans-of-the-Clash,$3150
76,Out Of Sync Cup,NaN,https://aoe-elo.com/tournament/76/Out-Of-Sync-Cup,$440
73,Top Experts League 2,NaN,https://aoe-elo.com/tournament/73/Top-Experts-League-2,$500
80,Clash of the Titans,NaN,https://aoe-elo.com/tournament/80/Clash-of-the-Titans,$21200
101,The Medieval Wars,NaN,https://aoe-elo.com/tournament/101/The-Medieval-Wars,$10000
74,Top Experts League 1,NaN,https://aoe-elo.com/tournament/74/Top-Experts-League-1,$400
79,Masters of Arena 1,NaN,https://aoe-elo.com/tournament/79/Masters-of-Arena-1,N/A
82,Grand Masters League,NaN,https://aoe-elo.com/tournament/82/Grand-Masters-League,$1370
83,Masters of Random Map,NaN,https://aoe-elo.com/tournament/83/Masters-of-Random-Map,N/A
84,Masters of Arabia,NaN,https://aoe-elo.com/tournament/84/Masters-of-Arabia,N/A
288,King of AoK,NaN,https://aoe-elo.com/tournament/288/King-of-AoK,N/A
100,World Clan League 7,NaN,https://aoe-elo.com/tournament/100/World-Clan-League-7,$7329
85,CivCup,NaN,https://aoe-elo.com/tournament/85/CivCup,N/A
232,CSC Lunar Year Cup,NaN,https://aoe-elo.com/tournament/232/CSC-Lunar-Year-Cup,N/A
161,DyT Tournament,NaN,https://aoe-elo.com/tournament/161/DyT-Tournament,N/A
287,Age of Kings Heaven Open,NaN,https://aoe-elo.com/tournament/287/Age-of-Kings-Heaven-Open,N/A
86,Brain Champion Cup 3,NaN,https://aoe-elo.com/tournament/86/Brain-Champion-Cup-3,N/A
87,Master of the Huns,NaN,https://aoe-elo.com/tournament/87/Master-of-the-Huns,$4100
603,Brain Champion Cup 3: first stage,Qualifier (S-Tier),https://aoe-elo.com/tournament/603/Brain-Champion-Cup-3--first-stage,N/A
264,Master of the huns: first stage,NaN,https://aoe-elo.com/tournament/264/Master-of-the-huns--first-stage,N/A
109,Brain Champion Cup 2,NaN,https://aoe-elo.com/tournament/109/Brain-Champion-Cup-2,$10000
565,Brain Champion Cup 2: first stage,NaN,https://aoe-elo.com/tournament/565/Brain-Champion-Cup-2--first-stage,N/A
162,日升杯 (Sunrise Cup),NaN,https://aoe-elo.com/tournament/162/-----------Sunrise-Cup-,N/A
110,Brain Champion Cup,NaN,https://aoe-elo.com/tournament/110/Brain-Champion-Cup,N/A
157,The 1st From China,NaN,https://aoe-elo.com/tournament/157/The-1st-From-China,$2000
111,Indus Clan Anniversary Tournament,NaN,https://aoe-elo.com/tournament/111/Indus-Clan-Anniversary-Tournament,$100
158,WOTC Arena Masters Tournament,NaN,https://aoe-elo.com/tournament/158/WOTC-Arena-Masters-Tournament,N/A
90,Arbalet Cup IV,NaN,https://aoe-elo.com/tournament/90/Arbalet-Cup-IV,$10200
112,AoCGroup Tourney 1 vs 1,NaN,https://aoe-elo.com/tournament/112/AoCGroup-Tourney-1-vs-1,N/A
113,BsK - MVP3,NaN,https://aoe-elo.com/tournament/113/BsK---MVP3,$429
114,Back to Almaty,NaN,https://aoe-elo.com/tournament/114/Back-to-Almaty,$5000
234,China Hero Cup,NaN,https://aoe-elo.com/tournament/234/China-Hero-Cup,N/A
115,BsK - MVP2,NaN,https://aoe-elo.com/tournament/115/BsK---MVP2,$1000
117,UD Clan - Return of Champion II ,NaN,https://aoe-elo.com/tournament/117/UD-Clan---Return-of-Champion-II-,N/A
118,The Regicide Imperator 2nd Edition,NaN,https://aoe-elo.com/tournament/118/The-Regicide-Imperator-2nd-Edition,N/A
119,Handicap Tournament,NaN,https://aoe-elo.com/tournament/119/Handicap-Tournament,$2000
116,Global Gaming League 2004,NaN,https://aoe-elo.com/tournament/116/Global-Gaming-League-2004,$8000
122,ELT - Hero of Arabia 2004,NaN,https://aoe-elo.com/tournament/122/ELT---Hero-of-Arabia-2004,$200
120,AYN Cup,NaN,https://aoe-elo.com/tournament/120/AYN-Cup,$50
123,Bye Bye 2004! Welcome 2005!,NaN,https://aoe-elo.com/tournament/123/Bye-Bye-2004--Welcome-2005-,N/A
121,Rakeshty 2004,NaN,https://aoe-elo.com/tournament/121/Rakeshty-2004,$500
124,Simply the Best,NaN,https://aoe-elo.com/tournament/124/Simply-the-Best,$700
125,CERPIO Gladiators Cup II,NaN,https://aoe-elo.com/tournament/125/CERPIO-Gladiators-Cup-II,$300
126,Legion Cup 3,NaN,https://aoe-elo.com/tournament/126/Legion-Cup-3,$600
127,BsK - MVP,NaN,https://aoe-elo.com/tournament/127/BsK---MVP,$1000
128,MFO - The Conquering Hero,NaN,https://aoe-elo.com/tournament/128/MFO---The-Conquering-Hero,$2000
132,CERPIO Gladiators Cup,NaN,https://aoe-elo.com/tournament/132/CERPIO-Gladiators-Cup,$150
129,Master of AoC,NaN,https://aoe-elo.com/tournament/129/Master-of-AoC,$1900
133,FOPT - Arabia Masters,NaN,https://aoe-elo.com/tournament/133/FOPT---Arabia-Masters,$1000
130,Arbalet Cup III,NaN,https://aoe-elo.com/tournament/130/Arbalet-Cup-III,N/A
131,TvK Tourney,NaN,https://aoe-elo.com/tournament/131/TvK-Tourney,N/A
134,FOPT Anniversary Cup,NaN,https://aoe-elo.com/tournament/134/FOPT-Anniversary-Cup,N/A
135,Lord of Maps,S-Tier,https://aoe-elo.com/tournament/135/Lord-of-Maps,N/A
285,The Unkown Is Near,NaN,https://aoe-elo.com/tournament/285/The-Unkown-Is-Near,N/A
199,The Best Legionary of the Year,NaN,https://aoe-elo.com/tournament/199/The-Best-Legionary-of-the-Year,$10000
137,MFO Cash Tourney,NaN,https://aoe-elo.com/tournament/137/MFO-Cash-Tourney,$4000
136,World Cyber Games 2002,NaN,https://aoe-elo.com/tournament/136/World-Cyber-Games-2002,$43000
156,AoC Euro Cup 2002,NaN,https://aoe-elo.com/tournament/156/AoC-Euro-Cup-2002,N/A
140,Arbalet Cup II,NaN,https://aoe-elo.com/tournament/140/Arbalet-Cup-II,$10000
138,Legion Alliance Cup,NaN,https://aoe-elo.com/tournament/138/Legion-Alliance-Cup,$3000
220,Legion Cup II Superfinal,NaN,https://aoe-elo.com/tournament/220/Legion-Cup-II-Superfinal,$1000
139,Legion Cup II,NaN,https://aoe-elo.com/tournament/139/Legion-Cup-II,$5000
160,Legion Cup I,NaN,https://aoe-elo.com/tournament/160/Legion-Cup-I,$1000
141,Arbalet Cup I,NaN,https://aoe-elo.com/tournament/141/Arbalet-Cup-I,$4500
146,ReFF's Rumble Cup,NaN,https://aoe-elo.com/tournament/146/ReFF-s-Rumble-Cup,$1000
142,World Cyber Games 2001,NaN,https://aoe-elo.com/tournament/142/World-Cyber-Games-2001,$35000
143,Microsoft International Tournament,NaN,https://aoe-elo.com/tournament/143/Microsoft-International-Tournament,$100000
251,Qualifications WCG 2001 France,NaN,https://aoe-elo.com/tournament/251/Qualifications-WCG-2001-France,N/A
144,FOPT Summer Cup,NaN,https://aoe-elo.com/tournament/144/FOPT-Summer-Cup,N/A
145,Day of the Champions (FOPT Birthday Tournament),NaN,https://aoe-elo.com/tournament/145/Day-of-the-Champions--FOPT-Birthday-Tournament-,N/A
149,Age of Strike,NaN,https://aoe-elo.com/tournament/149/Age-of-Strike,N/A
147,World Cyber Games 2000,NaN,https://aoe-elo.com/tournament/147/World-Cyber-Games-2000,$50000
250,British Internet Gaming League Tournament (WCG Qualifiers),NaN,https://aoe-elo.com/tournament/250/British-Internet-Gaming-League-Tournament--WCG-Qualifiers-,N/A
148,MFO Clash of the Titans,NaN,https://aoe-elo.com/tournament/148/MFO-Clash-of-the-Titans,$500
252,i-Game finals (WCG 2000 HK Qualifiers),NaN,https://aoe-elo.com/tournament/252/i-Game-finals--WCG-2000-HK-Qualifiers-,N/A
670,Eyes Wide Open,A-Tier,https://aoe-elo.com/tournament/670/Eyes-Wide-Open,N/A
